@4oceanscapital.com OR@accesscapitalmarkets.co.uk OR@acuity.co.uk OR@addvante.com OR@aleutiancapital.com OR@almconsultants.eu OR@altfortcapital.com OR@ambroiseconseil.com OR@ammocity.com OR@apexmentors.com OR@aratuscapital.com OR@ard.se OR@ariancapitalpartners.com OR@ariancapitalpartners.com OR@arieventures.com OR@asp-consulting.com OR@auctusgroupinc.com OR@bakertillyhaussmann.com OR@bartowstreetcapital.com OR@basgencapital.com OR@basgencapital.com OR@blacklegendcap.com OR@blacklegendcap.com OR@bristolyork.com OR@brugmann-conseil.com OR@btcapitalpartners.ro OR@build-up.fr OR@castleplacement.com OR@chrystalcapital.com OR@cleargrowthcapital.com OR@cleargrowthcapital.com OR@concorde.ua OR@creainversion.com OR@creocapitaladvisors.com OR@crowdity.co OR@dcconsult.co.uk OR@delmorganco.com OR@dextercapital.in OR@dfcm.eu OR@directcapintro.com OR@documentboss.com OR@emirates-capital.com OR@emirates-capital.com OR@englandco.com OR@envent.it OR@epiphanycapital.co.uk OR@eponyme-partners.com OR@eurasiancapital.com OR@evangelinesecurities.com OR@fastforwardadvisors.com OR@fcs-consulting.com OR@fidempartners.com OR@fin-model.ru OR@finconsult.mc OR@ftpartners.com OR@gahigirocapital.com OR@gilberteliott.com OR@gmcorpsolutions.com OR@greatheadgroup.com OR@green2020.co.uk OR@hallelcapital.com OR@henslow.com OR@heraxpartners.com OR@hermes-advisory.com OR@hippocorn.co OR@iconcorpfin.co.uk OR@icpr1200.com OR@incisive-edge.com OR@inextenso-finance.fr OR@infasts.com OR@innovationpavilion.com OR@innovatis-conseil.fr OR@interface-entreprises.com OR@intersectioncapital.com OR@ironbridgecp.com OR@ishtaradvisory.co.uk OR@jeb-finance.com OR@jensonsolutions.com OR@keystoneadvisers.ee OR@klecha-co.com OR@lazarusconsulting.net OR@lazarusconsulting.net OR@licornefinance.com OR@livingstonepartners.se OR@lvfinance.fr OR@madisonstreetcapital.com OR@marbau.com OR@mediaventura.com OR@milleniumassociates.com OR@myatlasclub.com OR@nerollp.com OR@noveapartners.com OR@oakland-partners.com OR@oakleycapital.com OR@okanconsulting.com OR@onetoonecf.us OR@orsatech.co OR@p2c-partners.com OR@portfolio.ventures OR@premoid.com OR@premoid.com OR@primaryllc.com OR@prosightpartners.com OR@providenthp.com OR@raizers.com OR@redgatecapital.eu OR@rvi-advisory.com OR@saxenhammer-co.com OR@scaalecapital.com OR@scottbrothersgroup.co.uk OR@settlucas.com OR@shape.capital OR@soderlind.se OR@tagfingroup.com OR@tarpanpartners.com OR@theallenpartnership.com OR@thoughtstream.co.uk OR@toftecompany.com OR@translutioncapital.com OR@uniter.by OR@uscgsecurities.com OR@valerycapital.com OR@vetri.org.in OR@vhmcapital.com OR@williamblair.com OR@williamduncan.co.uk OR@willowtreeinc.net OR@yacapital.com 